"basin_id","PFAF_ID","region_name","upstream_area_km2","basin_area_km2","wetland_hex_count","wetland_area_hectares","total_carbon","protected_fraction","avg_ncp_score","norm_wetland_area","norm_carbon","protection_gap","composite_score","country","country_code"
7060051220,753715,"Quintana Roo",63368,63368,33916,2500720.28,45117925,0.304,0.741,1,1,0.696,0.859,"Mexico","MX"
7060051220,753715,"Yucatán",63368,63368,17458,1287226.52,16061017,0.191,0.759,0.514742304565147,0.355978627119931,0.809,0.61,"Mexico","MX"
7060852120,753406,"Puebla",5434.1,5434.1,305,22488.49,175746,0.003,1.053,0.00899280506494713,0.00389525892425239,0.997,0.516,"Mexico","MX"
7060004990,771194,"Guerrero",7614.8,7614.8,1664,122691.31,664136,0.008,1.003,0.0490623885371138,0.0147200031916361,0.992,0.515,"Mexico","MX"
7060794890,771602,"Sinaloa",2409.2,2409.2,189,13935.49,33172,0.005,1.053,0.00557259046981456,0.000735228847514596,0.995,0.514,"Mexico","MX"
7060006740,771538,"Durango",6938.5,6938.4,678,49990.81,454582,0.001,1.028,0.019990564478487,0.0100754190269167,0.999,0.514,"Mexico","MX"
7060005740,771303,"Colima",587.7,587.7,215,15852.54,137601,0.005,1.053,0.00633918960340498,0.00304980780920222,0.995,0.514,"Mexico","MX"
7060848300,753404,"Oaxaca",5910.5,5910.4,1477,108903.29,868167,0.017,1.01,0.0435487690770437,0.0192421748118957,0.983,0.514,"Mexico","MX"
7060738830,752313,"Chihuahua",17599.1,95.5,109,8036.87,41,0.009,1.053,0.00321382205929885,9.08729734357243e-07,0.991,0.512,"Mexico","MX"
7060075070,753710,"Yucatán",36066.2,36066.2,10569,779281.54,7545089,0.052,0.615,0.311622833722131,0.167230407870043,0.948,0.51,"Mexico","MX"
7060073640,752251,"Coahuila",46308.1,504.2,72,5308.76,1711,0.014,1.053,0.00212289236923372,3.79228433045181e-05,0.986,0.51,"Mexico","MX"
7060074600,771200,"Veracruz",4890.8,4890.8,235,17327.2,15470,0.026,1.053,0.00692888370545785,0.000342879243670891,0.974,0.509,"Mexico","MX"
7060004670,771191,"Oaxaca",2492.3,2492.3,46,3391.71,42193,0.022,1.053,0.00135629323564329,0.000935171553213052,0.978,0.508,"Mexico","MX"
7060826280,753244,"San Luis Potosí",7002.7,7002.7,48,3539.17,20704,0.021,1.053,0.00141526024653985,0.000458886351710545,0.979,0.508,"Mexico","MX"
7060003310,771159,"Oaxaca",25296.3,25296.3,4013,295889.57,1859241,0.095,0.962,0.118321738087396,0.041208477561856,0.905,0.507,"Mexico","MX"
7060011540,774133,NA,9776,9776,32,2359.45,765,0.031,1.053,0.000943508163975861,1.69555669947144e-05,0.969,0.506,"Mexico","MX"
7060826240,753245,"San Luis Potosí",18151.6,1175.1,31,2285.72,18674,0.032,1.053,0.000914024658527582,0.00041389314778993,0.968,0.506,"Mexico","MX"
7060049820,753108,"Nuevo León",21146.8,21146.8,271,19981.58,122287,0.048,1.053,0.00799032989007471,0.00271038617134986,0.952,0.504,"Mexico","MX"
7060823390,753243,"Hidalgo",27662.4,2623.9,25,1843.32,14456,0.04,1.053,0.000737115628142145,0.000320404805850446,0.96,0.504,"Mexico","MX"
7060826280,753244,"Puebla",7002.7,7002.7,23,1695.85,5067,0.043,1.053,0.000678144618397704,0.000112305696682638,0.957,0.503,"Mexico","MX"
7060823390,753243,"San Luis Potosí",27662.4,2623.9,1018,75059.95,214290,0.006,0.983,0.0300153322226027,0.00474955353110765,0.994,0.503,"Mexico","MX"
7060006630,771536,"Durango",6015.6,6015.3,727,53603.72,447813,0.003,0.983,0.021435312229323,0.00992538996418829,0.997,0.503,"Mexico","MX"
7060003310,771159,"Chiapas",25296.3,25296.3,7890,581751.47,9949143,0.317,0.871,0.232633563478759,0.220514196962737,0.683,0.502,"Mexico","MX"
7060005000,771195,NA,4123.4,4123.4,19,1400.92,792,0.053,1.053,0.000560206597756707,1.75539987709984e-05,0.947,0.5,"Mexico","MX"
7060866520,753628,"Chiapas",4427.5,4427.5,473,34875.6,139784,0.002,0.986,0.0139462219261084,0.00309819212652178,0.998,0.5,"Mexico","MX"
7060852130,753407,"Oaxaca",15211.4,4090,1956,144221.28,943995,0.067,0.985,0.0576718960346897,0.0209228372093796,0.933,0.499,"Mexico","MX"
7060073700,753202,"Nuevo León",20431.1,20431.1,17,1253.46,2242,0.059,1.053,0.000501239586860151,4.96920015714375e-05,0.941,0.499,"Mexico","MX"
7060074470,752275,"Coahuila",2890.8,2890.5,556,40995.41,28391,0.002,0.976,0.016393440852969,0.000629262094832597,0.998,0.498,"Mexico","MX"
7060006750,771539,NA,4390.2,4390.2,32,2359.45,29581,0.062,1.053,0.000943508163975861,0.000655637421268819,0.938,0.498,"Mexico","MX"
7060075200,774110,"Baja California",1522.4,1522.3,88,6488.48,3620,0.011,1.002,0.0025946444517977,8.02341863017858e-05,0.989,0.498,"Mexico","MX"
7060078710,753620,"Chiapas",276.1,276,96,7078.34,51398,0.073,1.053,0.0028305204930797,0.00113919246064618,0.927,0.496,"Mexico","MX"
7060050200,753303,NA,3789.2,3789.2,14,1032.26,1769,0.071,1.053,0.000412785071667432,3.92083634165357e-05,0.929,0.496,"Mexico","MX"
7060050570,753306,"Veracruz",3903.5,3903.5,1843,135889.48,417997,0.007,0.925,0.0543401359547498,0.00926454397005182,0.993,0.495,"Mexico","MX"
7060050290,753304,"Puebla",7899.1,7899.1,2065,152258.15,816583,0.077,0.979,0.0608857180939885,0.0180988598212351,0.923,0.495,"Mexico","MX"
7060831510,771490,"Querétaro",17081.7,17081.7,138,10175.12,991,0.007,0.974,0.00406887570808199,2.19646626036104e-05,0.993,0.493,"Mexico","MX"
7060050570,753306,"Puebla",3903.5,3903.5,12,884.79,9332,0.083,1.053,0.000353814061922991,0.000206835753195653,0.917,0.493,"Mexico","MX"
7060005150,771197,NA,2325.2,2325.2,12,884.79,3568,0.083,1.053,0.000353814061922991,7.90816510289425e-05,0.917,0.493,"Mexico","MX"
7060075070,753710,"Quintana Roo",36066.2,36066.2,7801,575189.26,6065869,0.025,0.63,0.230009435521513,0.134444768902825,0.975,0.492,"Mexico","MX"
7060050580,753307,NA,257.7,257.7,11,811.06,5752,0.091,1.053,0.000324330556474713,0.000127488132488362,0.909,0.491,"Mexico","MX"
7060011860,774135,NA,9417.5,9417.5,21,1548.39,1866,0.095,1.053,0.000619177607501148,4.13582849831857e-05,0.905,0.49,"Mexico","MX"
7060005000,771195,"Guerrero",4123.4,4123.4,1495,110230.48,869066,0.013,0.907,0.0440794921693521,0.019262100373632,0.987,0.489,"Mexico","MX"
7060074600,771200,"Puebla",4890.8,4890.8,1304,96147.52,76245,0.005,0.916,0.0384479306897931,0.00168990484380654,0.995,0.488,"Mexico","MX"
7060853350,753624,"Chiapas",6803.8,6803.8,2242,165308.85,1451758,0.004,0.859,0.0661044945018801,0.0321769673583171,0.996,0.488,"Mexico","MX"
7060789780,771605,"Sinaloa",18064.2,1008.7,61,4497.7,20913,0.016,0.964,0.001798561812759,0.000463518656941781,0.984,0.488,"Mexico","MX"
7060770580,771809,"Sonora",15553.8,15553.8,9,663.59,6573,0.111,1.053,0.000265359546730272,0.00014568489131537,0.889,0.486,"Mexico","MX"
7060052560,753716,"Quintana Roo",12740.4,12740.4,2206,162654.47,1560509,0.026,0.87,0.0650430483172632,0.0345873397324899,0.974,0.486,"Mexico","MX"
7060050300,753305,"Puebla",11370.8,11370.8,278,20497.71,122198,0.004,0.932,0.00819672242590843,0.00270841356290211,0.996,0.485,"Mexico","MX"
7060050290,753304,"Tlaxcala",7899.1,7899.1,75,5529.96,13668,0.067,1.003,0.00221134688442643,0.000302939463638897,0.933,0.485,"Mexico","MX"
7060050300,753305,"Veracruz",11370.8,11370.8,4736,349198.35,1596002,0.033,0.792,0.13963910829723,0.0353740115486251,0.967,0.484,"Mexico","MX"
7060790790,752142,"Tamaulipas",7426.8,7426.8,36,2654.38,6274,0.028,0.962,0.00106144618461686,0.000139057813496521,0.972,0.484,"Mexico","MX"
7060763760,771807,"Chihuahua",22884.3,3991.4,8,589.86,3914,0.125,1.053,0.000235876041281994,8.67504434213231e-05,0.875,0.482,"Mexico","MX"
7060851310,753622,"Chiapas",8170.1,8170.1,816,60165.93,645206,0.007,0.896,0.024059440186569,0.0143004360240414,0.993,0.482,"Mexico","MX"
7060859760,753627,"Chiapas",28131.4,18732,7307,538765.28,2842303,0.097,0.741,0.215444039986751,0.0629972012232389,0.903,0.481,"Mexico","MX"
7060831510,771490,NA,17081.7,17081.7,2699,199004.72,184583,0.006,0.844,0.0795789603465766,0.00409112342821617,0.994,0.48,"Mexico","MX"
7060855570,753650,"Chiapas",50500,7206.7,390,28755.78,271266,0.044,0.946,0.0114989990004,0.00601237756390614,0.956,0.48,"Mexico","MX"
7060852120,753406,"Veracruz",5434.1,5434.1,784,57806.48,174137,0.001,0.889,0.0231159320225931,0.00385959682321383,0.999,0.479,"Mexico","MX"
7060008350,771970,NA,5081.1,5081.1,7,516.13,155,0.143,1.053,0.000206392535833716,3.43544167866762e-06,0.857,0.478,"Mexico","MX"
7060049830,753109,NA,6436.1,6436.1,7,516.13,2421,0.143,1.053,0.000206392535833716,5.36593826068021e-05,0.857,0.478,"Mexico","MX"
7060859740,753626,"Veracruz",6279.2,6279.2,7,516.13,3576,0.143,1.053,0.000206392535833716,7.92589641478415e-05,0.857,0.478,"Mexico","MX"
7060011230,774131,NA,8533.8,8533.8,7,516.13,186,0.143,1.053,0.000206392535833716,4.12253001440115e-06,0.857,0.478,"Mexico","MX"
7060823440,753242,"Hidalgo",5897.8,5897.8,875,64516.16,300147,0.001,0.878,0.0257990309895835,0.0066525000872713,0.999,0.477,"Mexico","MX"
7060823440,753242,"San Luis Potosí",5897.8,5897.8,96,7078.34,13760,0.01,0.913,0.0028305204930797,0.000304978564506236,0.99,0.477,"Mexico","MX"
7060074660,752220,"Coahuila",4250.4,4250.4,206,15188.95,14587,0.005,0.901,0.00607383005667471,0.000323308308172417,0.995,0.476,"Mexico","MX"
7060789730,771607,"Chihuahua",12390.4,356.8,51,3760.37,26763,0.02,0.92,0.00150371476173257,0.000593178875136656,0.98,0.476,"Mexico","MX"
7060050760,753502,"Veracruz",21350.6,21350,7261,535373.57,1196442,0.012,0.67,0.214087746751108,0.0265181078252158,0.988,0.475,"Mexico","MX"
7060006630,771536,"Sinaloa",6015.6,6015.3,780,57511.55,361406,0.054,0.897,0.0229979940019521,0.00801025313110033,0.946,0.469,"Mexico","MX"
7060012100,774137,NA,3661.9,3661.9,11,811.06,863,0.182,1.053,0.000324330556474713,1.91276527012268e-05,0.818,0.468,"Mexico","MX"
7060049270,752110,"Nuevo León",475503.2,6913.5,152,11207.38,27223,0.007,0.874,0.00448166077974942,0.000603374379473347,0.993,0.468,"Mexico","MX"
7060794900,771603,"Sonora",30328.6,4177.9,37,2728.11,19904,0.027,0.89,0.00109092969006514,0.000441155039820648,0.973,0.466,"Mexico","MX"
7060854410,771260,"Puebla",9584.3,9584.3,66,4866.36,24150,0.106,0.968,0.00194598333884828,0.000535263977676278,0.894,0.466,"Mexico","MX"
7060004220,771170,"Oaxaca",10498.9,10498.9,2577,190009.32,1502957,0.106,0.86,0.0759818367210586,0.0333117491551307,0.894,0.466,"Mexico","MX"
7060049270,752110,"Tamaulipas",475503.2,6913.5,1725,127189.01,212409,0.093,0.899,0.0508609503498728,0.00470786278402653,0.907,0.465,"Mexico","MX"
7060847740,771220,NA,18349.5,18349.5,4752,350378.07,1151597,0.096,0.792,0.140110860379794,0.0255241569730877,0.904,0.465,"Mexico","MX"
7060004660,771180,"Oaxaca",18345.8,18345.7,4089,301493.25,1520892,0.011,0.708,0.120562564478423,0.0337092630035623,0.989,0.463,"Mexico","MX"
7060851700,771280,"Oaxaca",11147,11146.7,297,21898.63,114957,0.131,0.963,0.00875692902366513,0.00254792302615867,0.869,0.461,"Mexico","MX"
7060826240,753245,"Hidalgo",18151.6,1175.1,208,15336.41,123781,0.101,0.929,0.00613279706757127,0.00274349939630424,0.899,0.459,"Mexico","MX"
7060074370,753207,"Coahuila",3952.7,3952.7,119,8774.2,13315,0.034,0.863,0.00350866911032529,0.00029511552226748,0.966,0.458,"Mexico","MX"
7060794900,771603,"Sinaloa",30328.6,4177.9,664,48958.55,214708,0.002,0.804,0.0195777794068195,0.00475881814157012,0.998,0.457,"Mexico","MX"
7060006510,771532,"Durango",5525,5525,779,57437.82,489945,0.041,0.836,0.0229685104965038,0.0108592095048697,0.959,0.457,"Mexico","MX"
7060050000,753301,"Veracruz",3591.1,3591.1,2256,166341.11,1006342,0.076,0.811,0.0665172795735475,0.0223047048373789,0.924,0.456,"Mexico","MX"
7060863270,753660,"Chiapas",19629.7,19629.7,6476,477493.35,6752264,0.251,0.73,0.190942327224219,0.149658123683658,0.749,0.455,"Mexico","MX"
7060004220,771170,NA,10498.9,10498.9,29,2138.25,4585,0.207,1.026,0.000855053648783142,0.000101622581268975,0.793,0.455,"Mexico","MX"
7060799940,752129,"Coahuila",2274.1,2274.1,755,55668.23,63944,0.004,0.8,0.02226087837381,0.0014172637593595,0.996,0.455,"Mexico","MX"
7060827320,753247,"Hidalgo",13085.7,1140.5,142,10470.05,81390,0.007,0.819,0.00418681372872299,0.00180393934339844,0.993,0.454,"Mexico","MX"
7060005810,771305,NA,7024.7,7024.7,1273,93861.8,510017,0.19,0.958,0.0375339060312655,0.0113040881201873,0.81,0.454,"Mexico","MX"
7060849640,771240,"Guerrero",13436.7,13436.7,412,30377.9,48438,0.01,0.809,0.0121476601133494,0.00107358660665356,0.99,0.453,"Mexico","MX"
7060820630,753220,"Veracruz",17391.6,17391.6,630,46451.64,81848,0.002,0.785,0.0185753042319471,0.0018140905194554,0.998,0.451,"Mexico","MX"
7060831510,771490,"Guanajuato",17081.7,17081.7,1702,125493.16,133150,0.103,0.853,0.0501828057314751,0.0029511552226748,0.897,0.451,"Mexico","MX"
7060822970,753260,"Tamaulipas",4093.1,4093.1,244,17990.79,55142,0.004,0.799,0.00719424325218813,0.0012221750002909,0.996,0.451,"Mexico","MX"
7060790790,752142,"Nuevo León",7426.8,7426.8,1575,116129.1,232631,0.001,0.752,0.0464382605798678,0.00515606602032341,0.999,0.451,"Mexico","MX"
7060051130,753713,"Campeche",4624.2,4624.2,3101,228645.29,4138751,0.22,0.837,0.0914317734088996,0.091731856019531,0.78,0.45,"Mexico","MX"
7060005410,771210,"Guerrero",111463.9,3666.6,466,34359.47,243868,0.002,0.777,0.0137398293902747,0.00540512445995688,0.998,0.449,"Mexico","MX"
7060822970,753260,"San Luis Potosí",4093.1,4093.1,970,71520.78,151075,0.015,0.778,0.0286000719760628,0.00334844742970782,0.985,0.449,"Mexico","MX"
7060012270,774140,"Baja California",4432.8,4432.6,290,21382.5,69035,0.003,0.785,0.00855053648783142,0.00153010139539884,0.997,0.448,"Mexico","MX"
7060012240,774139,"Baja California",681.4,681.4,42,3096.78,10267,0.048,0.836,0.0012383552150023,0.000227559223966971,0.952,0.447,"Mexico","MX"
7060794420,752130,"Tamaulipas",435628,8390.4,782,57659.02,156425,0.001,0.75,0.0230569650116966,0.0034670255779715,0.999,0.444,"Mexico","MX"
7060007380,771601,"Sinaloa",34844,2106.7,741,54635.98,65481,0.031,0.784,0.0218480973009904,0.00145133004232797,0.969,0.444,"Mexico","MX"
7060005730,771302,NA,7622.1,7622.1,1460,107649.83,531060,0.019,0.735,0.0430475294901835,0.0117704881153112,0.981,0.443,"Mexico","MX"
7060768540,771803,"Sonora",51298.7,1696.2,247,18211.99,71010,0.004,0.759,0.00728269776738085,0.00157387557162702,0.996,0.441,"Mexico","MX"
7060005230,771199,NA,3660.8,3660.8,10,737.33,4251,0.1,0.861,0.000294847051026435,9.42197585549424e-05,0.9,0.44,"Mexico","MX"
7060790420,752151,"Nuevo León",368156.9,16000.5,532,39225.83,72428,0.002,0.744,0.015685812729123,0.00160530432195186,0.998,0.44,"Mexico","MX"
7060866530,753629,"Chiapas",5252.6,5252.6,1094,80663.64,720823,0.184,0.897,0.0322561626124774,0.0159764217880144,0.816,0.44,"Mexico","MX"
7060006910,771540,"Sinaloa",10068.4,10068.4,706,52055.33,295208,0.001,0.733,0.0208161346218218,0.00654303140049105,0.999,0.44,"Mexico","MX"
7060799110,752252,"Coahuila",6047.3,6047.3,1563,115244.3,97048,0.001,0.713,0.0460844425190969,0.00215098544536346,0.999,0.44,"Mexico","MX"
7060005800,771304,NA,9732.3,9732.3,1761,129843.39,604787,0.055,0.747,0.0519223965344897,0.0134045836549442,0.945,0.439,"Mexico","MX"
7060006580,771534,"Durango",5711,5711,467,34433.2,339135,0.002,0.738,0.013769312895723,0.00751663557222545,0.998,0.439,"Mexico","MX"
7060820630,753220,"Tamaulipas",17391.6,17391.6,6092,449179.97,644192,0.052,0.615,0.179620237254204,0.014277961586221,0.948,0.439,"Mexico","MX"
7060800010,752128,"Coahuila",2689.5,2689.5,664,48958.55,69631,0.002,0.732,0.0195777794068195,0.00154331122275681,0.998,0.438,"Mexico","MX"
7060789780,771605,"Chihuahua",18064.2,1008.7,105,7741.94,53154,0.01,0.759,0.00309588403865785,0.00117811269024451,0.99,0.438,"Mexico","MX"
7060074370,753207,"Nuevo León",3952.7,3952.7,443,32663.61,39482,0.264,0.996,0.0130616807730291,0.000875084570046162,0.736,0.436,"Mexico","MX"
7060829810,771460,NA,22988.8,22988.8,6158,454046.33,1046807,0,0.539,0.181566220593053,0.0232015767569098,1,0.436,"Mexico","MX"
7060050190,753302,"Hidalgo",5892.1,5891.9,262,19317.98,137951,0.004,0.732,0.00772496634449656,0.00305756525815405,0.996,0.435,"Mexico","MX"
7060805670,752247,"Coahuila",13514.4,11305,103,7594.47,8180,0.01,0.739,0.00303691302891341,0.000181302664074201,0.99,0.433,"Mexico","MX"
7060012230,774138,"Baja California",2405.1,2405.1,264,19465.45,70248,0.038,0.751,0.007783937354241,0.00155698649705189,0.962,0.431,"Mexico","MX"
7060763870,752179,"Chihuahua",171179.7,1062.7,74,5456.22,3474,0.014,0.732,0.00218185938013027,7.69982218818795e-05,0.986,0.43,"Mexico","MX"
7060854410,771260,"Morelos",9584.3,9584.3,1288,94967.79,260941,0.182,0.86,0.0379761746083812,0.00578353281982715,0.818,0.43,"Mexico","MX"
7060853350,753624,"Tabasco",6803.8,6803.8,385,28387.11,212162,0.057,0.761,0.0113515734754628,0.00470238824148052,0.943,0.43,"Mexico","MX"
7060826790,771440,NA,15009.9,15009.5,1017,74986.22,342457,0.155,0.833,0.0299858487171544,0.00759026484484825,0.845,0.429,"Mexico","MX"
7060854410,771260,"Guerrero",9584.3,9584.3,508,37456.24,210112,0.073,0.766,0.0149781806064291,0.00465695175476266,0.927,0.428,"Mexico","MX"
7060849640,771240,NA,13436.7,13436.7,1648,121511.59,668796,0.012,0.66,0.0485906364545498,0.0148232880833948,0.988,0.428,"Mexico","MX"
7060004210,771160,"Oaxaca",10224.5,10224.5,2518,185659.09,939371,0.005,0.618,0.0742422459180441,0.020820350226656,0.995,0.427,"Mexico","MX"
7060008160,771950,NA,8216.3,8216.3,31,2285.72,578,0.129,0.835,0.000914024658527582,1.28108728404509e-05,0.871,0.427,"Mexico","MX"
7060782380,752186,"Durango",13718.3,13717.7,446,32884.81,73484,0.002,0.695,0.0131501352882218,0.00162870965364653,0.998,0.427,"Mexico","MX"
7060050600,753308,"Puebla",5751.4,5751.4,15,1105.99,4420,0.267,0.971,0.00044226857711571,9.79654981916832e-05,0.733,0.426,"Mexico","MX"
7060005810,771305,"Colima",7024.7,7024.7,657,48442.42,335595,0.186,0.864,0.0193713868709858,0.00743817451711266,0.814,0.426,"Mexico","MX"
7060006740,771538,"Sinaloa",6938.5,6938.4,1007,74248.89,629037,0.031,0.693,0.029691001666128,0.0139420640466068,0.969,0.426,"Mexico","MX"
7060006910,771540,"Durango",10068.4,10068.4,2034,149972.43,1302828,0,0.615,0.0599716934354609,0.0288760620086141,1,0.426,"Mexico","MX"
7060007010,771570,"Sinaloa",7714.6,7714.6,3258,240221.33,1119226,0.13,0.711,0.0960608557147383,0.0248066816016029,0.87,0.425,"Mexico","MX"
7060859740,753626,"Chiapas",6279.2,6279.2,1590,117235.09,766784,0.189,0.824,0.0468805291569835,0.0169951078202289,0.811,0.425,"Mexico","MX"
7060854130,753409,"Puebla",6176.5,6176.5,826,60903.26,211343,0.34,1.005,0.0243542872375954,0.00468423581093324,0.66,0.424,"Mexico","MX"
7060790520,752141,"Nuevo León",59081.8,712.8,15,1105.99,2167,0.067,0.756,0.00044226857711571,4.80296910817596e-05,0.933,0.422,"Mexico","MX"
7060790420,752151,"Tamaulipas",368156.9,16000.5,971,71594.51,192816,0.001,0.657,0.0286295554815111,0.00427360079170308,0.999,0.422,"Mexico","MX"
7060820700,753230,"Veracruz",67585.3,5707.6,3701,272884.94,348008,0.005,0.572,0.109122536487767,0.00771329798522428,0.995,0.421,"Mexico","MX"
7060768530,771802,"Sonora",7095.3,7095.2,834,61493.12,139060,0.022,0.677,0.0245901632788774,0.00308214528926142,0.978,0.421,"Mexico","MX"
7060010510,774113,"Baja California Sur",460,460,123,9069.13,53257,0.195,0.871,0.00362660713096628,0.00118039559665033,0.805,0.42,"Mexico","MX"
7060007010,771570,NA,7714.6,7714.6,8,589.86,6723,0.375,1.053,0.000235876041281994,0.000149009512294725,0.625,0.42,"Mexico","MX"
7060823030,753270,"San Luis Potosí",21836.9,2851,743,54783.44,212848,0.036,0.691,0.021907064311887,0.00471759284142611,0.964,0.42,"Mexico","MX"
7060827280,753246,"Querétaro",3912.2,3912.2,317,23373.28,146685,0.271,0.939,0.00934661912687012,0.003251146855712,0.729,0.42,"Mexico","MX"
7060852120,753406,"Oaxaca",5434.1,5434.1,2065,152258.15,693476,0.013,0.618,0.0608857180939885,0.0153702990551981,0.987,0.42,"Mexico","MX"
7060006260,771309,NA,3343.4,3343.4,1541,113622.18,1055919,0.226,0.835,0.0454357814061475,0.0234035363993357,0.774,0.419,"Mexico","MX"
7060007220,771590,"Sinaloa",4255.9,4255.9,1760,129769.66,802116,0.26,0.867,0.0518929130290414,0.0177782112098462,0.74,0.419,"Mexico","MX"
7060847180,753402,"Oaxaca",9741.6,9741.6,1603,118193.61,665996,0.004,0.61,0.0472638267243548,0.0147612284917802,0.996,0.417,"Mexico","MX"
7060854180,753408,"Oaxaca",4944.8,4944.8,1396,102930.93,975412,0.294,0.895,0.0411605131622318,0.0216191679914358,0.706,0.416,"Mexico","MX"
7060851700,771280,"Puebla",11147,11146.7,710,52350.26,167199,0.013,0.648,0.0209340726424628,0.0037058220208487,0.987,0.415,"Mexico","MX"
7060049990,753210,"Veracruz",85839.7,1221.8,715,52718.92,104698,0.001,0.638,0.0210814941685521,0.0023205411153106,0.999,0.415,"Mexico","MX"
7060007390,771700,NA,25272.6,25272.6,26,1917.05,3859,0.231,0.891,0.000766599133590423,8.55314157288927e-05,0.769,0.415,"Mexico","MX"
7060005420,771301,NA,9401.8,9401.8,2257,166414.84,1249516,0.015,0.575,0.0665467630789958,0.0276944473842713,0.985,0.414,"Mexico","MX"
7060074700,753206,"Coahuila",2890.9,2890.9,297,21898.63,34491,0.003,0.649,0.00875692902366513,0.000764463347993065,0.997,0.414,"Mexico","MX"
7060049390,753102,"Tamaulipas",2207,2206.8,1299,95778.85,64794,0.049,0.664,0.0383005051648559,0.00143610327824252,0.951,0.414,"Mexico","MX"
7060073660,752311,"Chihuahua",33345.3,1953.6,514,37898.64,6427,0.004,0.64,0.0151550896368146,0.000142448926895463,0.996,0.413,"Mexico","MX"
7060854410,771260,"State of Mexico",9584.3,9584.3,705,51981.6,255448,0.146,0.772,0.0207866511163736,0.00566178519956314,0.854,0.413,"Mexico","MX"
7060794890,771602,"Sonora",2409.2,2409.2,285,21013.84,104450,0.26,0.903,0.00840311496174214,0.00231504440862473,0.74,0.413,"Mexico","MX"
7060847750,771230,NA,90005.2,13368.6,2220,163686.73,713549,0.03,0.6,0.0654558333889307,0.0158151998346555,0.97,0.413,"Mexico","MX"
7060789690,771604,"Chihuahua",8086.8,8086.4,960,70783.45,550082,0.003,0.614,0.0283052249250364,0.0121920943837732,0.997,0.413,"Mexico","MX"
7060854440,771270,"Puebla",34306.8,13016.9,1116,82285.76,224330,0.037,0.646,0.0329048237254268,0.00497208149532586,0.963,0.412,"Mexico","MX"
7060849630,771250,"Guerrero",63200,19381,4443,327594.65,1698237,0.121,0.602,0.131000117294206,0.0376399623874547,0.879,0.412,"Mexico","MX"
7060853280,753625,"Chiapas",37677,3266.8,1218,89806.5,608233,0.002,0.596,0.035912253248892,0.01348096128091,0.998,0.411,"Mexico","MX"
7060790520,752141,"Tamaulipas",59081.8,712.8,393,28976.97,95089,0.003,0.627,0.0115874495167448,0.00210756589537307,0.997,0.409,"Mexico","MX"
7060831470,771480,"Guanajuato",12135,12135,2721,200626.84,252825,0.057,0.607,0.0802276214595261,0.00560364866070414,0.943,0.409,"Mexico","MX"
7060007390,771700,"Sonora",25272.6,25272.6,4742,349640.75,846708,0.132,0.609,0.139816017327616,0.0187665545345891,0.868,0.409,"Mexico","MX"
7060798060,752123,"Coahuila",20388.9,9285.4,98,7225.81,11487,0.041,0.672,0.00288949150282414,0.000254599474599065,0.959,0.409,"Mexico","MX"
7060005230,771199,"Guerrero",3660.8,3660.8,970,71520.78,449925,0.013,0.604,0.0286000719760628,0.00997220062757762,0.987,0.407,"Mexico","MX"
7060050790,753504,"Tabasco",5634.7,5634.7,2587,190746.65,923821,0,0.528,0.0762766837720851,0.0204756978517962,1,0.406,"Mexico","MX"
7060050650,753501,NA,1861.1,1861.1,17,1253.46,2385,0.059,0.679,0.000501239586860151,5.28614735717567e-05,0.941,0.405,"Mexico","MX"
7060051220,753715,"Campeche",63368,63368,4999,368590.07,8305125,0.401,0.689,0.147393562146023,0.18407595207448,0.599,0.405,"Mexico","MX"
7060073910,753240,"State of Mexico",9602.5,9602.5,1613,118930.94,101294,0.237,0.803,0.0475586737753812,0.00224509438321909,0.763,0.404,"Mexico","MX"
7060006250,771308,NA,12922.6,12922.6,3320,244792.76,1476554,0.273,0.759,0.0978889010329456,0.0327265493703445,0.727,0.404,"Mexico","MX"
7060051120,753712,"Campeche",14653.7,14653.3,6833,503815.95,7308568,0.247,0.495,0.201468334555195,0.161988123345655,0.753,0.403,"Mexico","MX"
7060829830,771470,NA,48775.5,28888,8980,662120.18,886588,0.146,0.468,0.264771788070595,0.0196504604323005,0.854,0.402,"Mexico","MX"
7060073910,753240,"Mexico City",9602.5,9602.5,592,43649.79,27084,0.135,0.717,0.0174548870375858,0.000600293564032477,0.865,0.4,"Mexico","MX"
7060005730,771302,"Colima",7622.1,7622.1,616,45419.38,129237,0.002,0.577,0.0181625191602797,0.00286442694339334,0.998,0.399,"Mexico","MX"
7060008720,774111,"Baja California Sur",49787,49787,8745,644792.98,1399719,0.231,0.535,0.257842904365138,0.0310235676840192,0.769,0.398,"Mexico","MX"
7060851630,771290,"Puebla",10143.7,10142.8,1749,128958.6,177402,0.081,0.616,0.0515685824725667,0.00393196273986448,0.919,0.398,"Mexico","MX"
7060831510,771490,"State of Mexico",17081.7,17081.7,2211,163023.13,70505,0.208,0.728,0.0651904698433525,0.00156268268099652,0.792,0.397,"Mexico","MX"
7060849630,771250,"State of Mexico",63200,19381,327,24110.61,143153,0.321,0.896,0.00964146617789655,0.00317286311371811,0.679,0.397,"Mexico","MX"
7060798060,752123,"Nuevo León",20388.9,9285.4,2384,175778.9,411450,0.01,0.519,0.0702913082306031,0.00911943534637287,0.99,0.397,"Mexico","MX"
7060830460,753249,"State of Mexico",6576.7,6576.3,507,37382.51,61619,0.11,0.679,0.0149486971009808,0.00136573213417949,0.89,0.396,"Mexico","MX"
7060073910,753240,"Tlaxcala",9602.5,9602.5,242,17843.33,6006,0.004,0.581,0.00713527624129157,0.000133117824013405,0.996,0.396,"Mexico","MX"
7060006750,771539,"Sinaloa",4390.2,4390.2,1231,90765.03,389656,0.013,0.55,0.0362955548151111,0.00863639008221234,0.987,0.395,"Mexico","MX"
7060075640,753209,"Tamaulipas",1252.1,1252.1,18,1327.19,3559,0.056,0.63,0.000530723092308429,7.88821737701811e-05,0.944,0.394,"Mexico","MX"
7060826810,771450,NA,83490.4,13776.6,1562,115170.57,447213,0.153,0.672,0.0460549590136487,0.00991209148027087,0.847,0.394,"Mexico","MX"
7060790500,771608,"Chihuahua",2377.3,2377.3,306,22562.22,163348,0.003,0.566,0.00902228857039541,0.0036204679182387,0.997,0.394,"Mexico","MX"
7060050200,753303,"Hidalgo",3789.2,3789.2,71,5235.03,31782,0.366,0.928,0.00209340886378544,0.0007044206931059,0.634,0.391,"Mexico","MX"
7060827280,753246,"Guanajuato",3912.2,3912.2,87,6414.75,20444,0.069,0.628,0.00256516094634943,0.000453123675346329,0.931,0.391,"Mexico","MX"
7060827320,753247,"Querétaro",13085.7,1140.5,75,5529.96,31639,0.013,0.576,0.00221134688442643,0.000701251221105581,0.987,0.391,"Mexico","MX"
7060831470,771480,"Querétaro",12135,12135,655,48294.96,39615,0.073,0.613,0.0193124198600893,0.000878032400647858,0.927,0.39,"Mexico","MX"
7060855570,753650,"Tabasco",50500,7206.7,1128,83170.55,281989,0.106,0.623,0.0332586377873498,0.00625004363565035,0.894,0.389,"Mexico","MX"
7060829810,771460,"Aguascalientes",22988.8,22988.8,1742,128442.47,187722,0.067,0.566,0.051362189936733,0.00416069666324415,0.933,0.389,"Mexico","MX"
7060799140,752253,"Coahuila",39757.3,11983,1561,115096.84,42439,0.001,0.509,0.0460254755082004,0.000940623931619196,0.999,0.389,"Mexico","MX"
7060050300,753305,NA,11370.8,11370.8,32,2359.45,11478,0.094,0.646,0.000943508163975861,0.000254399997340303,0.906,0.388,"Mexico","MX"
7060854410,771260,"Mexico City",9584.3,9584.3,20,1474.66,11500,0.5,1.053,0.000589694102052869,0.000254887608417275,0.5,0.388,"Mexico","MX"
7060073670,752241,"Coahuila",32796.4,2.1,2,147.47,0,0.5,1.053,5.89710097444405e-05,0,0.5,0.388,"Mexico","MX"
7060073940,753205,"Nuevo León",8007.5,8007.5,17,1253.46,2269,0.059,0.602,0.000501239586860151,5.02904333477216e-05,0.941,0.386,"Mexico","MX"
7060820630,753220,"Nuevo León",17391.6,17391.6,28,2064.52,16207,0.036,0.575,0.000825570143334864,0.000359214214749459,0.964,0.385,"Mexico","MX"
7060790680,752143,"Tamaulipas",50942.4,2843.6,110,8110.6,16942,0.009,0.542,0.00324330556474713,0.000375504857548303,0.991,0.384,"Mexico","MX"
7060006920,771550,"Sinaloa",1883.4,1883.4,1049,77345.67,461678,0.118,0.613,0.0309293568811303,0.0102326957633801,0.882,0.384,"Mexico","MX"
7060796890,752126,"Coahuila",2218.9,2218.6,531,39152.1,54469,0.004,0.525,0.0156563292236747,0.00120725853416353,0.996,0.384,"Mexico","MX"
7060767880,771805,"Sonora",46712.3,924.2,108,7963.14,35756,0.009,0.539,0.00318433855385057,0.000792500984918965,0.991,0.383,"Mexico","MX"
7060006750,771539,"Durango",4390.2,4390.2,165,12165.91,127710,0.006,0.531,0.00486496234596858,0.0028305823018235,0.994,0.383,"Mexico","MX"
7060073770,752230,"Durango",16306.5,16306.5,321,23668.22,26424,0.003,0.52,0.009464561146359,0.000585665231723312,0.997,0.382,"Mexico","MX"
7060830460,753249,"Hidalgo",6576.7,6576.3,1180,87004.66,112575,0.006,0.498,0.0347918400533785,0.0024951280450065,0.994,0.382,"Mexico","MX"
7060006510,771532,NA,5525,5525,713,52571.46,323497,0.108,0.604,0.0210225271576556,0.00717003275305768,0.892,0.381,"Mexico","MX"
7060794460,752121,"Nuevo León",32964.5,3223.1,976,71963.17,148223,0.001,0.488,0.0287769770076004,0.00328523530282033,0.999,0.38,"Mexico","MX"
7060794460,752121,"Tamaulipas",32964.5,3223.1,547,40331.82,52122,0.002,0.495,0.0161280813062387,0.00115523929790654,0.998,0.378,"Mexico","MX"
7060008110,771920,"Sonora",25299.6,25299.3,3277,241622.25,335006,0.058,0.465,0.096621062312495,0.00742511983873372,0.942,0.378,"Mexico","MX"
7060074600,771200,"Tlaxcala",4890.8,4890.8,210,15483.88,2958,0.029,0.531,0.00619176807731571,6.55615257128957e-05,0.971,0.377,"Mexico","MX"
7060049820,753108,"Tamaulipas",21146.8,21146.8,5200,383410.35,1100167,0.085,0.416,0.153319966677761,0.024384255259966,0.915,0.377,"Mexico","MX"
7060826280,753244,"Hidalgo",7002.7,7002.7,2123,156534.65,1086692,0.217,0.634,0.0625958253915548,0.0240855934753205,0.783,0.376,"Mexico","MX"
7060798070,752122,"Nuevo León",9352.6,9352.6,2700,199078.45,900033,0.159,0.565,0.0796084438520249,0.0199484572927501,0.841,0.376,"Mexico","MX"
7060005800,771304,"Colima",9732.3,9732.3,504,37161.31,106402,0.085,0.57,0.0148602425857881,0.00235830880963608,0.915,0.376,"Mexico","MX"
7060770570,771808,"Sonora",3339.2,3339.1,410,30230.43,180676,0.188,0.676,0.012088689103605,0.00400452813377388,0.812,0.376,"Mexico","MX"
7060005990,771307,NA,5360.8,5360.8,1778,131096.85,766719,0.033,0.465,0.0524236361213498,0.0169936671511378,0.967,0.375,"Mexico","MX"
7060050650,753501,"Veracruz",1861.1,1861.1,918,67686.67,560854,0.483,0.941,0.0270668697100341,0.0124308464983707,0.517,0.374,"Mexico","MX"
7060847750,771230,"Guerrero",90005.2,13368.6,1225,90322.63,359107,0.007,0.455,0.0361186457847257,0.00795929777355674,0.993,0.373,"Mexico","MX"
7060847180,753402,"Veracruz",9741.6,9741.6,3444,253935.62,165627,0.079,0.467,0.10154499166936,0.00367097999298505,0.921,0.373,"Mexico","MX"
7060005150,771197,"Guerrero",2325.2,2325.2,726,53529.98,346783,0.079,0.537,0.0214058247250268,0.00768614691389287,0.921,0.372,"Mexico","MX"
7060050640,753401,"Veracruz",39661.2,910.3,839,61861.79,328641,0.43,0.884,0.0247375888038146,0.00728404508850972,0.57,0.372,"Mexico","MX"
7060049500,753106,"Nuevo León",19105,19105,2974,219281.23,807750,0.007,0.384,0.0876872282572923,0.0179030839738308,0.993,0.371,"Mexico","MX"
7060802350,752243,"Coahuila",23144.3,6980.8,1161,85603.73,87462,0.224,0.67,0.034231629456774,0.00193852000064276,0.776,0.371,"Mexico","MX"
7060824090,753280,"Tamaulipas",18079.1,18079.1,475,35023.06,66316,0.002,0.47,0.014005188937005,0.00146983709911305,0.998,0.371,"Mexico","MX"
7060008340,771960,"Sonora",25987.4,25987.4,3628,267502.45,275480,0.003,0.369,0.106970160613085,0.00610577724928618,0.997,0.37,"Mexico","MX"
7060007210,771580,"Sinaloa",12914.7,12914.7,2318,170912.54,878004,0.003,0.391,0.0683453248917548,0.0194602034557219,0.997,0.369,"Mexico","MX"
7060007390,771700,"Chihuahua",25272.6,25272.6,855,63041.51,439622,0.116,0.555,0.0252093408863785,0.0097438434945756,0.884,0.368,"Mexico","MX"
7060763700,771806,"Sonora",22903.4,22903.4,1827,134709.75,302458,0.103,0.516,0.0538683798733379,0.00670372141449324,0.897,0.368,"Mexico","MX"
7060075480,753204,"San Luis Potosí",1281.9,1281.9,82,6046.09,5479,0.012,0.476,0.00241773942026015,0.000121437322305935,0.988,0.367,"Mexico","MX"
7060763760,771807,"Sonora",22884.3,3991.4,470,34654.4,176225,0.002,0.452,0.0138577674109157,0.00390587554724647,0.998,0.367,"Mexico","MX"
7060010820,774118,"Baja California Sur",3144.9,3144.9,2313,170543.87,252502,0.473,0.868,0.0681978993668176,0.0055964896435286,0.527,0.367,"Mexico","MX"
7060800610,752256,"Durango",8246.1,8246.1,1266,93345.67,307618,0.001,0.413,0.0373275134954318,0.00681808837618308,0.999,0.364,"Mexico","MX"
7060830450,753248,"Querétaro",5368.7,5368.7,1119,82506.96,49877,0.002,0.425,0.0329932782406195,0.00110548080391552,0.998,0.364,"Mexico","MX"
7060010660,774117,NA,6377.9,6377.9,5,368.66,144,0.6,1.053,0.000147421526089275,3.19163614018154e-06,0.4,0.363,"Mexico","MX"
7060854440,771270,"Guerrero",34306.8,13016.9,1042,76829.54,416959,0.011,0.423,0.0307229643452965,0.00924153759287467,0.989,0.363,"Mexico","MX"
7060012100,774137,"Baja California",3661.9,3661.9,576,42470.07,167481,0.03,0.463,0.0169831349550218,0.00371207230828989,0.97,0.363,"Mexico","MX"
7060802450,752244,"Coahuila",1544,1544,297,21898.63,13491,0.024,0.463,0.00875692902366513,0.000299016410883258,0.976,0.362,"Mexico","MX"
7060826280,753244,"Veracruz",7002.7,7002.7,65,4792.63,26881,0.015,0.462,0.0019164998334,0.000595794243640416,0.985,0.362,"Mexico","MX"
7060789690,771604,"Sinaloa",8086.8,8086.4,58,4276.5,32404,0.017,0.457,0.00171010729756628,0.000718206788100295,0.983,0.361,"Mexico","MX"
7060005410,771210,NA,111463.9,3666.6,583,42986.2,190300,0.444,0.858,0.0171895274908556,0.00421783581580935,0.556,0.359,"Mexico","MX"
7060008350,771970,"Sonora",5081.1,5081.1,868,64000.04,48593,0.081,0.489,0.0255926424525977,0.00107702204833223,0.919,0.359,"Mexico","MX"
7060824100,753290,"San Luis Potosí",11727.3,11727.3,740,54562.24,185428,0.182,0.594,0.0218186097966943,0.00410985212639987,0.818,0.359,"Mexico","MX"
7060859740,753626,"Oaxaca",6279.2,6279.2,321,23668.22,196945,0.442,0.863,0.009464561146359,0.00436511652519481,0.558,0.359,"Mexico","MX"
7060073910,753240,"Hidalgo",9602.5,9602.5,714,52645.19,37149,0.066,0.48,0.0210520106631038,0.000823375631747249,0.934,0.359,"Mexico","MX"
7060005140,771196,"Guerrero",1408.9,1408.8,390,28755.78,168577,0.379,0.797,0.0114989990004,0.00373636420557905,0.621,0.358,"Mexico","MX"
7060789710,771606,"Chihuahua",4665.5,4665.5,591,43576.06,293746,0.03,0.438,0.0174254035321375,0.00651062742801226,0.97,0.358,"Mexico","MX"
7060073710,772000,"Baja California",26767.9,26767.9,2791,205788.13,65283,0.391,0.737,0.0822915428190153,0.00144694154263522,0.609,0.357,"Mexico","MX"
7060007840,771910,"Sonora",15251.2,15251.2,3925,289401.08,422455,0.063,0.362,0.115727089636751,0.00936335170555827,0.937,0.356,"Mexico","MX"
7060075070,753710,"Campeche",36066.2,36066.2,1657,122175.18,1015210,0.09,0.444,0.0488559960012801,0.0225012564296784,0.91,0.356,"Mexico","MX"
7060802350,752243,"Durango",23144.3,6980.8,505,37235.04,46813,0.008,0.412,0.0148897260912364,0.00103756987937721,0.992,0.355,"Mexico","MX"
7060050290,753304,"Veracruz",7899.1,7899.1,975,71889.44,121281,0.001,0.391,0.0287474935021521,0.00268808904664831,0.999,0.355,"Mexico","MX"
7060006430,771531,NA,2687.4,2687.4,1972,145401,4567100,0.562,0.817,0.0581436481172536,0.101225843165438,0.438,0.354,"Mexico","MX"
7060740840,752315,"Chihuahua",15007.9,2773.2,850,62672.85,27190,0.001,0.391,0.0250619193602893,0.000602642962857888,0.999,0.354,"Mexico","MX"
7060823440,753242,"Veracruz",5897.8,5897.8,1287,94894.06,140555,0.001,0.371,0.037946691102933,0.00311528067835566,0.999,0.353,"Mexico","MX"
7060822930,771420,NA,17752.7,17752.1,1353,99760.42,730235,0.175,0.525,0.0398926744417812,0.0161850306723991,0.825,0.352,"Mexico","MX"
7060006580,771534,"Sinaloa",5711,5711,1205,88847.98,464191,0.226,0.579,0.0355289556815207,0.0102883942468542,0.774,0.35,"Mexico","MX"
7060050790,753504,"Veracruz",5634.7,5634.7,1134,83612.95,288003,0.001,0.361,0.0334355468177353,0.00638333877278266,0.999,0.35,"Mexico","MX"
7060073700,753202,"San Luis Potosí",20431.1,20431.1,2258,166488.57,265398,0.053,0.379,0.0665762465844441,0.00588231839119374,0.947,0.35,"Mexico","MX"
7060050190,753302,"Veracruz",5892.1,5891.9,1948,143631.42,358611,0.024,0.353,0.0574360199934077,0.007948304360185,0.976,0.349,"Mexico","MX"
7060049830,753109,"Tamaulipas",6436.1,6436.1,3443,253861.89,201017,0.053,0.343,0.101515508163912,0.00445536890271439,0.947,0.349,"Mexico","MX"
7060007000,771560,"Durango",16459.2,16459.2,2314,170617.61,1578246,0.001,0.289,0.0682273868711138,0.0349804650812288,0.999,0.348,"Mexico","MX"
7060007840,771910,NA,15251.2,15251.2,29,2138.25,2632,0.103,0.493,0.000855053648783142,5.83360161177625e-05,0.897,0.348,"Mexico","MX"
7060050760,753502,"Oaxaca",21350.6,21350,4098,302156.85,1940598,0.328,0.555,0.120827928024001,0.0430116854886389,0.672,0.348,"Mexico","MX"
7060851630,771290,"Tlaxcala",10143.7,10142.8,712,52497.72,41031,0.038,0.403,0.0209930396533594,0.000909416822692976,0.962,0.347,"Mexico","MX"
7060802360,752242,"Coahuila",8106.2,8106.2,1240,91428.62,79833,0.002,0.348,0.0365609143618414,0.00176942977763273,0.998,0.346,"Mexico","MX"
7060074310,753208,"Nuevo León",5870.1,5870.1,531,39152.1,74127,0.028,0.393,0.0156563292236747,0.00164296119557803,0.972,0.346,"Mexico","MX"
7060011860,774135,"Baja California",9417.5,9417.5,1274,93935.54,204861,0.097,0.436,0.0375633935355617,0.00454056785634534,0.903,0.345,"Mexico","MX"
7060007830,771801,"Sonora",72968.8,14575.4,2519,185732.82,537671,0.02,0.312,0.0742717294234923,0.0119170152439413,0.98,0.345,"Mexico","MX"
7060050930,753711,"Tabasco",7431,7431,58,4276.5,13078,0.017,0.387,0.00171010729756628,0.000289862621120098,0.983,0.343,"Mexico","MX"
7060007000,771560,"Sinaloa",16459.2,16459.2,2015,148571.51,811343,0.024,0.32,0.0594114868377042,0.0179827197283563,0.976,0.343,"Mexico","MX"
7060050200,753303,"Puebla",3789.2,3789.2,443,32663.61,134644,0.016,0.37,0.0130616807730291,0.00298426844762919,0.984,0.343,"Mexico","MX"
7060074170,752274,"Durango",4402.7,4402.6,1390,102488.54,91264,0.014,0.338,0.0409836081306943,0.0020227880603995,0.986,0.342,"Mexico","MX"
7060007390,771700,"Sinaloa",25272.6,25272.6,623,45935.51,117472,0.604,0.952,0.0183689116961134,0.00260366583791254,0.396,0.342,"Mexico","MX"
7060050200,753303,"Veracruz",3789.2,3789.2,1484,109419.42,163897,0.021,0.337,0.0437551616128774,0.00363263603102315,0.979,0.341,"Mexico","MX"
7060010500,774112,"Baja California Sur",3629.7,3629.5,977,72036.91,77985,0.001,0.336,0.0288064645118966,0.00172847044716706,0.999,0.341,"Mexico","MX"
7060755970,752318,"Chihuahua",2315.4,2315.4,226,16663.6,22934,0.004,0.359,0.0066635201598797,0.000508312383603634,0.996,0.341,"Mexico","MX"
7060050580,753307,"Veracruz",257.7,257.7,187,13788.03,119998,0.679,1.032,0.005513623458918,0.00265965245520489,0.321,0.34,"Mexico","MX"
7060763700,771806,"Chihuahua",22903.4,22903.4,204,15041.48,79538,0.706,1.053,0.00601485904693027,0.00176289135637333,0.294,0.339,"Mexico","MX"
7060848380,753405,"Oaxaca",22989.7,2344.7,477,35170.53,19359,0.013,0.351,0.0140641599467494,0.000429075583595655,0.987,0.338,"Mexico","MX"
7060755960,752319,"Chihuahua",5035.5,5035.4,817,60239.66,67231,0.001,0.328,0.0240889236920172,0.00149011728708712,0.999,0.338,"Mexico","MX"
7060008150,771940,"Sonora",8236.7,8236.7,1750,129032.33,116188,0.001,0.3,0.0515980659780149,0.00257520708232925,0.999,0.338,"Mexico","MX"
7060008130,771930,"Sonora",52.4,52.4,56,4129.03,29422,0.446,0.791,0.00165113628782184,0.000652113323030702,0.554,0.337,"Mexico","MX"
7060008160,771950,"Sonora",8216.3,8216.3,725,53456.25,71538,0.041,0.359,0.0213763412195785,0.00158557823747435,0.959,0.335,"Mexico","MX"
7060050770,753503,"Veracruz",145.1,145.1,116,8553,39183,0.009,0.339,0.00342021459513257,0.000868457492227313,0.991,0.334,"Mexico","MX"
7060050600,753308,"Veracruz",5751.4,5751.4,4303,317272.07,539806,0.405,0.597,0.126872274575228,0.0119643356825475,0.595,0.333,"Mexico","MX"
7060074660,752220,"Zacatecas",4250.4,4250.4,303,22341.03,32280,0.139,0.458,0.00893383805405057,0.000715458434757361,0.861,0.332,"Mexico","MX"
7060822250,753250,"San Luis Potosí",27706.6,2106.4,1421,104774.25,40560,0.003,0.288,0.041897628790374,0.000898977512817799,0.997,0.332,"Mexico","MX"
7060794420,752130,"Nuevo León",435628,8390.4,712,52497.72,85748,0.011,0.313,0.0209930396533594,0.00190053066491865,0.989,0.331,"Mexico","MX"
7060855510,753640,"Tabasco",13942.3,13942.3,1669,123059.98,579085,0.282,0.531,0.049209814062051,0.0128349209322016,0.718,0.328,"Mexico","MX"
7060049280,753101,"Tamaulipas",2000,2000,2119,156239.72,1292753,0.601,0.823,0.0624778873709138,0.0286527582995007,0.399,0.328,"Mexico","MX"
7060854440,771270,"Morelos",34306.8,13016.9,211,15557.61,16841,0.024,0.329,0.00622125158276399,0.000373266279422203,0.976,0.328,"Mexico","MX"
7060851310,753622,"Tabasco",8170.1,8170.1,70,5161.29,27810,0.1,0.401,0.00206392135948927,0.000616384729572559,0.9,0.326,"Mexico","MX"
7060824090,753280,"San Luis Potosí",18079.1,18079.1,1690,124608.36,401527,0.054,0.299,0.0498289876707042,0.00889950058651855,0.946,0.326,"Mexico","MX"
7060740930,752314,"Chihuahua",2495.7,2495.6,606,44682.05,15083,0.002,0.286,0.0178676721092533,0.000334301721544153,0.998,0.326,"Mexico","MX"
7060776580,752184,"Chihuahua",12562.1,12562.1,1818,134046.16,204458,0.005,0.246,0.0536030203266077,0.00453163570798081,0.995,0.325,"Mexico","MX"
7060074360,752340,"Chihuahua",4055,4055,1229,90617.56,78797,0.001,0.264,0.0362365838053667,0.00174646772873531,0.999,0.325,"Mexico","MX"
7060797330,752125,"Coahuila",9399.8,1512.2,312,23004.62,29100,0.003,0.295,0.00919919760078084,0.000644976469995019,0.997,0.325,"Mexico","MX"
7060006420,771520,"Zacatecas",26856.5,26856.5,391,28829.51,36239,0.005,0.289,0.0115284825058483,0.000803206264472491,0.995,0.324,"Mexico","MX"
7060075220,771300,NA,2731.2,2731.2,1210,89216.64,174393,0.128,0.382,0.03567637720761,0.0038652708430186,0.872,0.323,"Mexico","MX"
7060764550,752157,"Coahuila",327303.1,372.3,110,8110.6,13832,0.009,0.297,0.00324330556474713,0.000306574382576326,0.991,0.323,"Mexico","MX"
7060074100,752210,"San Luis Potosí",10954.9,10954.9,624,46009.24,45466,0.005,0.272,0.0183983952015617,0.0010077147829826,0.995,0.322,"Mexico","MX"
7060803530,752255,"Durango",24262.2,5837.8,582,42912.47,91069,0.002,0.266,0.0171600439854073,0.00201846605312633,0.998,0.321,"Mexico","MX"
7060770570,771808,"Chihuahua",3339.2,3339.1,65,4792.63,23516,0.569,0.85,0.0019164998334,0.000521211913003535,0.431,0.321,"Mexico","MX"
7060848380,753405,"Veracruz",22989.7,2344.7,1509,111262.73,59602,0.118,0.357,0.0444922732421717,0.00132102706407708,0.882,0.321,"Mexico","MX"
7060005980,771306,NA,2383.7,2383.1,630,46451.64,305497,0.011,0.269,0.0185753042319471,0.00677107823553499,0.989,0.321,"Mexico","MX"
7060007210,771580,"Chihuahua",12914.7,12914.7,954,70341.05,643585,0.017,0.255,0.028128315894651,0.0142645079533245,0.983,0.32,"Mexico","MX"
7060006640,771537,"Sinaloa",1986,1986,658,48516.16,221189,0.284,0.527,0.019400874375282,0.00490246393201815,0.716,0.317,"Mexico","MX"
7060799140,752253,"Durango",39757.3,11983,1066,78599.12,119523,0.162,0.39,0.0314305924691425,0.00264912448877026,0.838,0.316,"Mexico","MX"
7060797390,752124,"Coahuila",1703.5,1703.2,298,21972.36,28682,0.047,0.297,0.00878641252911341,0.000635711859532547,0.953,0.315,"Mexico","MX"
7060785140,752189,"Chihuahua",8182.7,8182.7,771,56847.96,230574,0.031,0.264,0.0227326344552218,0.00511047438462651,0.969,0.315,"Mexico","MX"
7060790680,752143,"Nuevo León",50942.4,2843.6,622,45861.78,85780,0.002,0.238,0.0183394281906651,0.00190123991739425,0.998,0.314,"Mexico","MX"
7060851630,771290,"State of Mexico",10143.7,10142.8,5,368.66,5280,0.8,1.053,0.000147421526089275,0.000117026658473323,0.2,0.313,"Mexico","MX"
7060073930,752170,"Coahuila",7025.2,7025.2,1819,134119.89,107817,0.001,0.192,0.0536325038320559,0.00238967106754134,0.999,0.312,"Mexico","MX"
7060822930,771420,"Zacatecas",17752.7,17752.1,631,46525.37,183556,0.254,0.477,0.0186047877373954,0.00406836085657751,0.746,0.311,"Mexico","MX"
7060049500,753106,"Tamaulipas",19105,19105,3292,242728.25,846931,0.146,0.275,0.0970633348884586,0.0187714971377784,0.854,0.311,"Mexico","MX"
7060738660,752312,"Chihuahua",13792.6,13792.5,902,66506.95,31968,0.001,0.218,0.0265951176274701,0.000708543223120301,0.999,0.311,"Mexico","MX"
7060770580,771809,"Chihuahua",15553.8,15553.8,2155,158894.1,601853,0.267,0.431,0.0635393335555307,0.013339554068588,0.733,0.31,"Mexico","MX"
7060051210,753714,"Campeche",12809,12809,3828,282249,5535037,0.509,0.506,0.112867081639375,0.122679334211403,0.491,0.308,"Mexico","MX"
7060762950,752191,"Chihuahua",103341.4,37546.7,2111,155649.86,183469,0,0.165,0.0622420113296318,0.00406643257640949,1,0.308,"Mexico","MX"
7060823010,771430,NA,102529.7,4045.8,976,71963.17,421281,0.532,0.724,0.0287769770076004,0.00933733100535984,0.468,0.308,"Mexico","MX"
7060800660,752257,"Durango",10178.8,3392.1,435,32073.75,90163,0.002,0.22,0.0128258047317471,0.00199838534241103,0.998,0.308,"Mexico","MX"
7060782370,752187,"Chihuahua",21877.5,7106.3,1175,86635.99,129263,0.001,0.182,0.0346444145284414,0.00286500321102976,0.999,0.305,"Mexico","MX"
7060074380,752280,"Coahuila",5606.1,5606.1,829,61124.46,56120,0.002,0.194,0.0244427417527881,0.0012438515290763,0.998,0.304,"Mexico","MX"
7060782380,752186,"Chihuahua",13718.3,13717.7,1948,143631.42,176510,0.001,0.155,0.0574360199934077,0.00391219232710724,0.999,0.304,"Mexico","MX"
7060829810,771460,"Zacatecas",22988.8,22988.8,1292,95262.73,155337,0.036,0.205,0.0380941166278701,0.00344291099380124,0.964,0.303,"Mexico","MX"
7060010540,774114,"Baja California Sur",4179.7,4179.1,1047,77198.2,109407,0.117,0.295,0.0308703858713858,0.00242491204992251,0.883,0.303,"Mexico","MX"
7060075480,753204,"Zacatecas",1281.9,1281.9,159,11723.51,8015,0.006,0.212,0.00468805331558314,0.00017764558099691,0.994,0.303,"Mexico","MX"
7060829830,771470,"Guanajuato",48775.5,28888,2773,204460.94,178182,0.13,0.257,0.0817608197267069,0.00394925076895713,0.87,0.303,"Mexico","MX"
7060073700,753202,"Zacatecas",20431.1,20431.1,181,13345.63,19625,0.006,0.208,0.00533671442853257,0.000434971244799046,0.994,0.302,"Mexico","MX"
7060820630,753220,"San Luis Potosí",17391.6,17391.6,323,23815.68,906,0.015,0.212,0.00952352815725556,2.00807107153088e-05,0.985,0.302,"Mexico","MX"
7060073970,752330,"Chihuahua",19533.7,19533.7,3868,285198.31,327309,0,0.085,0.114046465844633,0.00725452245421304,1,0.302,"Mexico","MX"
7060820700,753230,"San Luis Potosí",67585.3,5707.6,522,38488.5,378,0.002,0.189,0.0153909656780966,8.37804486797653e-06,0.998,0.301,"Mexico","MX"
7060830450,753248,"Hidalgo",5368.7,5368.7,537,39594.49,40205,0.017,0.206,0.0158332342552123,0.000891109243166657,0.983,0.301,"Mexico","MX"
7060787740,752144,"Nuevo León",3058,3057.5,472,34801.86,57734,0.002,0.188,0.0139167344218123,0.00127962445081417,0.998,0.3,"Mexico","MX"
7060826790,771440,"Zacatecas",15009.9,15009.5,1458,107502.36,214866,0.073,0.223,0.0429885584804391,0.00476232007566837,0.927,0.299,"Mexico","MX"
7060790790,752142,"Coahuila",7426.8,7426.8,530,39078.36,64086,0.004,0.181,0.0156268417193785,0.00142041106721996,0.996,0.299,"Mexico","MX"
7060073730,752360,"Chihuahua",20474.6,20474.6,3025,223041.6,279015,0.218,0.316,0.0891909430190249,0.00618412748369966,0.782,0.298,"Mexico","MX"
7060010550,774115,"Baja California Sur",3145.1,3145.1,507,37382.51,89324,0.533,0.71,0.0149486971009808,0.0019797896290665,0.467,0.298,"Mexico","MX"
7060075180,753201,"Nuevo León",1532.4,1532.3,115,8479.27,15177,0.009,0.193,0.00339073108968429,0.000336385150691216,0.991,0.297,"Mexico","MX"
7060790490,771609,"Chihuahua",9656.5,9656,1958,144368.74,1078272,0.003,0.11,0.0577308630455862,0.0238989714176793,0.997,0.297,"Mexico","MX"
7060787680,752145,"Coahuila",45040.9,5947.7,547,40331.82,66399,0.176,0.347,0.0161280813062387,0.00147167672272162,0.824,0.297,"Mexico","MX"
7060073770,752230,"Zacatecas",16306.5,16306.5,1988,146580.73,177148,0.012,0.139,0.0586154041986655,0.00392633304833943,0.988,0.297,"Mexico","MX"
7060005220,771198,"Guerrero",1354.3,1354.3,364,26838.72,105084,0.038,0.209,0.0107323958679617,0.00232909647329748,0.962,0.296,"Mexico","MX"
7060864080,753690,"Chiapas",13273,13273,379,27944.72,141273,0.003,0.169,0.0111746684439253,0.00313119453077685,0.997,0.295,"Mexico","MX"
7060853280,753625,"Tabasco",37677,3266.8,352,25953.93,45829,0.003,0.168,0.0103785818060387,0.00101576036575264,0.997,0.294,"Mexico","MX"
7060803430,752259,"Durango",3626.6,3626.6,546,40258.09,171692,0.002,0.159,0.0160985978007904,0.00380540550125033,0.998,0.294,"Mexico","MX"
7060051130,753713,NA,4624.2,4624.2,11,811.06,11735,0.455,0.632,0.000324330556474713,0.000260096181284933,0.545,0.294,"Mexico","MX"
7060774750,752182,"Chihuahua",4423.2,4423.2,893,65843.35,71338,0.001,0.147,0.026329754081892,0.00158114540950188,0.999,0.293,"Mexico","MX"
7060007220,771590,NA,4255.9,4255.9,17,1253.46,7866,0.647,0.81,0.000501239586860151,0.000174343124157416,0.353,0.291,"Mexico","MX"
7060826810,771450,"Zacatecas",83490.4,13776.6,1428,105290.38,330610,0.2,0.316,0.0421040213262077,0.00732768627989873,0.8,0.291,"Mexico","MX"
7060822930,771420,"Durango",17752.7,17752.1,507,37382.51,252560,0.168,0.307,0.0149486971009808,0.00559777516364062,0.832,0.29,"Mexico","MX"
7060007000,771560,"Chihuahua",16459.2,16459.2,251,18506.92,144050,0.088,0.234,0.00740063578802184,0.00319274434717465,0.912,0.289,"Mexico","MX"
7060785200,752188,"Chihuahua",6940.1,6940.1,670,49400.95,159118,0.001,0.129,0.019754688437205,0.00352671360662087,0.999,0.288,"Mexico","MX"
7060696970,772240,"Sonora",21139.8,21139.8,95,7004.61,11470,0.011,0.16,0.00280103698763142,0.000254222684221404,0.989,0.288,"Mexico","MX"
7060073950,752273,"Durango",6457.2,6457.2,1320,97327.24,129517,0.13,0.239,0.0389196827723571,0.0028706329025548,0.87,0.288,"Mexico","MX"
7060008710,772100,"Sonora",620437.5,5056.9,180,13271.9,4048,0.467,0.607,0.00530723092308429,8.97204381628809e-05,0.533,0.286,"Mexico","MX"
7060073790,752350,"Chihuahua",14202.7,14202.7,1893,139576.11,145803,0.001,0.087,0.0558143632121862,0.00323159808435339,0.999,0.286,"Mexico","MX"
7060006420,771520,"Durango",26856.5,26856.5,3428,252755.9,996502,0.209,0.22,0.101073239586796,0.0220866097011332,0.791,0.284,"Mexico","MX"
7060785200,752188,"Durango",6940.1,6940.1,234,17253.47,80986,0.004,0.124,0.00689940020000958,0.00179498503089404,0.996,0.282,"Mexico","MX"
7060763030,752181,"Chihuahua",66775.4,11233.8,2714,200110.71,207852,0,0.039,0.0800212289236923,0.0046068607986737,1,0.281,"Mexico","MX"
7060075640,753209,"Nuevo León",1252.1,1252.1,6,442.4,975,0.167,0.289,0.000176909030385438,2.16100363658125e-05,0.833,0.281,"Mexico","MX"
7060815200,752248,"Zacatecas",1379.8,1379.8,232,17106,26351,0.004,0.118,0.00684042919026513,0.000584047249513359,0.996,0.28,"Mexico","MX"
7060794900,771603,"Chihuahua",30328.6,4177.9,68,5013.83,40201,0.015,0.133,0.00200495434859272,0.000891020586607208,0.985,0.28,"Mexico","MX"
7060050190,753302,"Puebla",5892.1,5891.9,364,26838.72,72924,0.003,0.105,0.0107323958679617,0.0016162977353236,0.997,0.279,"Mexico","MX"
7060076040,753203,"San Luis Potosí",910.7,910.4,189,13935.49,15175,0.074,0.186,0.00557259046981456,0.000336340822411492,0.926,0.279,"Mexico","MX"
7060787680,752145,"Nuevo León",45040.9,5947.7,815,60092.2,95638,0.001,0.092,0.0240299566811207,0.00211973400815751,0.999,0.279,"Mexico","MX"
7060074560,752260,"Durango",2539.9,2539.9,613,45198.18,39776,0.403,0.496,0.018074064645087,0.0008816008271657,0.597,0.278,"Mexico","MX"
7060790490,771609,"Durango",9656.5,9656,41,3023.04,23071,0.024,0.135,0.00120886771070613,0.000511348870764779,0.976,0.278,"Mexico","MX"
7060012090,774136,"Baja California",1819.9,1819.6,244,17990.79,48697,0.004,0.102,0.00719424325218813,0.00107932711887792,0.996,0.277,"Mexico","MX"
7060010660,774117,"Baja California Sur",6377.9,6377.9,4076,300534.73,709855,0.65,0.62,0.120179266911052,0.0157333255020039,0.35,0.276,"Mexico","MX"
7060855510,753640,"Campeche",13942.3,13942.3,68,5013.83,17063,0.015,0.112,0.00200495434859272,0.00037818671847165,0.985,0.275,"Mexico","MX"
7060849640,771240,"State of Mexico",13436.7,13436.7,1315,96958.58,472993,0.656,0.706,0.0387722612462678,0.0104834830059228,0.344,0.275,"Mexico","MX"
7060854440,771270,"Oaxaca",34306.8,13016.9,117,8626.73,19502,0.009,0.103,0.00344969810058085,0.000432245055595974,0.991,0.274,"Mexico","MX"
7060006390,771410,NA,122677.3,2394.4,1125,82949.35,330478,0.271,0.325,0.0331701832721571,0.0073247606134369,0.729,0.274,"Mexico","MX"
7060853280,753625,"Veracruz",37677,3266.8,6,442.4,1255,0.167,0.263,0.000176909030385438,2.78159955272766e-05,0.833,0.274,"Mexico","MX"
7060075100,752277,"Coahuila",6437.8,6437.8,1460,107649.83,117767,0.005,0.046,0.0430475294901835,0.00261020425917194,0.995,0.272,"Mexico","MX"
7060074100,752210,"Zacatecas",10954.9,10954.9,878,64737.36,51919,0.002,0.061,0.0258874855047763,0.00115073997751448,0.998,0.272,"Mexico","MX"
7060006520,771533,NA,1799,1799,584,43059.93,647173,0.682,0.732,0.0172190109963038,0.0143440328871507,0.318,0.27,"Mexico","MX"
7060774820,752183,"Chihuahua",51118.1,2276.7,437,32221.22,30981,0.014,0.079,0.0128847757414916,0.00068666721707614,0.986,0.27,"Mexico","MX"
7060829810,771460,"San Luis Potosí",22988.8,22988.8,26,1917.05,925,0.038,0.116,0.000766599133590423,2.05018293726939e-05,0.962,0.27,"Mexico","MX"
7060763960,752158,"Coahuila",3988.9,3988.9,1054,77714.33,167991,0.001,0.042,0.0310767784072195,0.0037233760196197,0.999,0.269,"Mexico","MX"
7060805670,752247,"Durango",13514.4,11305,330,24331.81,37143,0.003,0.065,0.00972992069308927,0.000823242646908075,0.997,0.268,"Mexico","MX"
7060049510,753107,NA,4595.5,4595.5,13,958.53,1478,0.308,0.376,0.000383301566219153,3.27585987165855e-05,0.692,0.267,"Mexico","MX"
7060073940,753205,"San Luis Potosí",8007.5,8007.5,718,52940.12,79313,0.306,0.35,0.0211699486837448,0.00175790442490429,0.694,0.267,"Mexico","MX"
7060776590,752185,"Chihuahua",37141.6,1545.6,293,21603.7,15606,0.003,0.059,0.00863899100302414,0.000345893566692174,0.997,0.266,"Mexico","MX"
7060790420,752151,"Coahuila",368156.9,16000.5,1165,85898.67,167463,0.001,0.021,0.0343495714762628,0.00371167335377236,0.999,0.265,"Mexico","MX"
7060746410,752316,"Chihuahua",2054.2,2054.1,239,17622.13,16895,0.004,0.056,0.00704682172609885,0.000374463142974771,0.996,0.265,"Mexico","MX"
7060050930,753711,"Campeche",7431,7431,241,17769.6,534228,0.635,0.678,0.00710579273584329,0.0118407041103951,0.365,0.265,"Mexico","MX"
7060767930,771804,"Sonora",2890.7,2890.6,356,26248.86,86538,0.233,0.28,0.0104965198266797,0.00191804033540993,0.767,0.265,"Mexico","MX"
7060050760,753502,"Chiapas",21350.6,21350,10,737.33,3838,0.1,0.158,0.000294847051026435,8.50659687917829e-05,0.9,0.265,"Mexico","MX"
7060805670,752247,"Zacatecas",13514.4,11305,1487,109640.61,96608,0.001,0.015,0.0438436121292222,0.00214123322382401,0.999,0.265,"Mexico","MX"
7060055630,771000,"Colima",210.5,210.5,49,3612.91,0,1,1.053,0.00144474775083601,0,0,0.264,"Mexico","MX"
7060822270,753241,"Veracruz",34171.3,611.2,110,8110.6,879,0.009,0.06,0.00324330556474713,1.94822789390248e-05,0.991,0.264,"Mexico","MX"
7060074250,752276,"Coahuila",3709.4,3709.3,547,40331.82,46241,0.219,0.257,0.0161280813062387,0.00102489199137593,0.781,0.264,"Mexico","MX"
7060798070,752122,"Coahuila",9352.6,9352.6,27,1990.78,11949,1,1.053,0.000796082639038701,0.00026483930721548,0,0.264,"Mexico","MX"
7060823390,753243,"Querétaro",27662.4,2623.9,26,1917.05,30066,1,1.053,0.000766599133590423,0.00066638702910207,0,0.264,"Mexico","MX"
7060010510,774113,NA,460,460,4,294.93,54,1,1.053,0.000117938020640997,1.19686355256808e-06,0,0.263,"Mexico","MX"
7060076700,752240,"Coahuila",756.7,756.7,68,5013.83,5297,0.015,0.064,0.00200495434859272,0.000117403448850983,0.985,0.263,"Mexico","MX"
7060008720,774111,"Sonora",49787,49787,1,73.73,0,1,1.053,2.94835054482783e-05,0,0,0.263,"Mexico","MX"
7060050930,753711,NA,7431,7431,6,442.4,5452,1,1.053,0.000176909030385438,0.000120838890529651,0,0.263,"Mexico","MX"
7060076040,753203,"Zacatecas",910.7,910.4,99,7299.54,9143,0.01,0.057,0.00291897500827242,0.000202646730761665,0.99,0.263,"Mexico","MX"
7060803420,752258,"Durango",3160.3,3159.6,590,43502.33,183041,0.002,0.034,0.0173959200266893,0.00405694632454839,0.998,0.263,"Mexico","MX"
7060055710,774000,NA,279.4,279.4,7,516.13,469,1,1.053,0.000206392535833716,1.03949815954524e-05,0,0.263,"Mexico","MX"
7060805720,752246,"Zacatecas",2645.5,2645.5,176,12976.97,10944,0.006,0.05,0.00518929290244329,0.000242564346653797,0.994,0.262,"Mexico","MX"
7060050610,753309,"Veracruz",267.6,267.6,324,23889.41,483846,1,1.029,0.00955301166270384,0.0107240304158491,0,0.262,"Mexico","MX"
7060055520,771900,NA,1309.7,1309.7,17,1253.46,1976,0.765,0.81,0.000501239586860151,4.37963403680466e-05,0.235,0.261,"Mexico","MX"
7060008710,772100,"Baja California",620437.5,5056.9,2145,158156.77,72628,0.455,0.43,0.0632444865045042,0.00160973714992434,0.545,0.26,"Mexico","MX"
7060824100,753290,"Querétaro",11727.3,11727.3,441,32516.15,451572,1,1.016,0.0130027137621326,0.0100087049659309,0,0.26,"Mexico","MX"
7060011850,774134,"Baja California",2736.2,2736,295,21751.16,28884,0.003,0.033,0.00869795801392069,0.000640189015784746,0.997,0.26,"Mexico","MX"
7060049410,753104,"Tamaulipas",2730.4,2730.4,1638,120774.26,60386,0.026,0.015,0.0482957894035234,0.00133840374972918,0.974,0.26,"Mexico","MX"
7060815220,752249,"Zacatecas",829.9,829.9,177,13050.7,17909,0.006,0.035,0.00521877640789157,0.000396937580795216,0.994,0.259,"Mexico","MX"
7060760600,752173,"Coahuila",214675.1,9071.1,1620,119447.07,233028,0.067,0.051,0.047765066311215,0.00516486518384877,0.933,0.259,"Mexico","MX"
7060746540,752317,"Chihuahua",10180.4,2829.7,469,34580.66,36251,0.002,0.025,0.0138282799066195,0.000803472234150839,0.998,0.259,"Mexico","MX"
7060051220,753715,NA,63368,63368,175,12903.23,314618,0.634,0.655,0.00515980539814713,0.00697323735521968,0.366,0.258,"Mexico","MX"
7060075110,752320,"Chihuahua",4500.6,4500.6,140,10322.59,7981,0.014,0.043,0.00412784671782643,0.000176892000241589,0.986,0.258,"Mexico","MX"
7060073750,752271,"Chihuahua",15989.1,15989.1,1185,87373.32,109567,0.106,0.099,0.0349392615794678,0.00242845831230049,0.894,0.258,"Mexico","MX"
7060074200,752180,"Chihuahua",5461.3,5461.3,1042,76829.54,68305,0.001,0,0.0307229643452965,0.0015139215732993,0.999,0.258,"Mexico","MX"
7060006420,771520,NA,26856.5,26856.5,1713,126304.22,1358468,0.506,0.453,0.0505071362879498,0.0301092747505565,0.494,0.257,"Mexico","MX"
7060074500,752200,"Chihuahua",6588.8,6588.8,891,65695.89,91655,0.001,0,0.0262707870709954,0.00203145423908569,0.999,0.257,"Mexico","MX"
7060073750,752271,"Durango",15989.1,15989.1,1287,94894.06,149266,0.236,0.218,0.037946691102933,0.00330835250069679,0.764,0.256,"Mexico","MX"
7060802360,752242,"Zacatecas",8106.2,8106.2,794,58543.81,86336,0.001,0.001,0.0234107790736195,0.00191356317915773,0.999,0.256,"Mexico","MX"
7060008460,771990,"Baja California",14242.3,14242.3,97,7152.08,14832,1,1.021,0.00286000799737586,0.000328738522438698,0,0.256,"Mexico","MX"
7060010830,774119,"Baja California",11619.4,11619.4,99,7299.54,5265,1,1.017,0.00291897500827242,0.000116694196375387,0,0.255,"Mexico","MX"
7060763880,752159,"Coahuila",322941.7,806.1,178,13124.43,29114,0.006,0.019,0.00524825991333985,0.000645286767953092,0.994,0.255,"Mexico","MX"
7060805720,752246,"Durango",2645.5,2645.5,264,19465.45,26034,0.004,0.017,0.007783937354241,0.000577021217176987,0.996,0.255,"Mexico","MX"
7060074630,752140,"Coahuila",2397.8,2397.8,997,73511.56,126456,0.011,0,0.0293961546151015,0.00280278847043609,0.989,0.255,"Mexico","MX"
7060010830,774119,NA,11619.4,11619.4,51,3760.37,1667,1,1.02,0.00150371476173257,3.69476211505737e-05,0,0.255,"Mexico","MX"
7060771060,752155,"Coahuila",345295.1,6962.9,564,41585.28,98168,0.002,0,0.0166293208930988,0.00217580928200931,0.998,0.254,"Mexico","MX"
7060771090,752154,"Coahuila",2629,2628.5,336,24774.21,82164,0.003,0.009,0.00990682972347471,0.00182109438765191,0.997,0.254,"Mexico","MX"
7060761700,752171,"Coahuila",221054.7,1995,572,42175.14,75440,0.005,0.001,0.0168651969343808,0.00167206271121733,0.995,0.254,"Mexico","MX"
7060783990,752147,"Coahuila",23586.4,15755.7,4646,342562.4,682582,0.246,0.108,0.136985492835688,0.0151288429155374,0.754,0.254,"Mexico","MX"
7060822270,753241,"San Luis Potosí",34171.3,611.2,340,25069.14,3099,0.006,0.007,0.0100247677441157,6.86866694334901e-05,0.994,0.253,"Mexico","MX"
7060074210,752290,"Chihuahua",7184.5,7184.5,438,32294.95,36868,0.002,0,0.0129142592469398,0.000817147508445923,0.998,0.253,"Mexico","MX"
7060803540,752254,"Durango",3619.9,3619.9,371,27354.85,34663,0.003,0.002,0.0109387884037954,0.000768275580049393,0.997,0.253,"Mexico","MX"
7060074210,752290,"Coahuila",7184.5,7184.5,288,21235.03,24753,0.003,0,0.00849156547808698,0.000548628954013289,0.997,0.252,"Mexico","MX"
7060773540,752152,"Coahuila",3000.3,3000.3,356,26248.86,52115,0.003,0,0.0104965198266797,0.0011550841489275,0.997,0.252,"Mexico","MX"
7060773430,752153,"Coahuila",349158.7,1234.4,66,4866.36,12161,0.015,0.018,0.00194598333884828,0.000269538104866303,0.985,0.251,"Mexico","MX"
7060787740,752144,"Coahuila",3058,3057.5,285,21013.84,37941,0.007,0,0.00840311496174214,0.000840929630518247,0.993,0.251,"Mexico","MX"
7060848300,753404,"Veracruz",5910.5,5910.4,1521,112147.53,13854,0.074,0.032,0.0448460913029425,0.000307061993653299,0.926,0.251,"Mexico","MX"
7060075700,752272,"Chihuahua",1608,1608,179,13198.16,18625,0.006,0,0.00527774341878813,0.000412807104936674,0.994,0.25,"Mexico","MX"
7060796920,752127,"Coahuila",5668.5,786.5,186,13714.29,14596,0.005,0.001,0.00548413595462184,0.000323507785431178,0.995,0.25,"Mexico","MX"
7060008720,774111,NA,49787,49787,224,16516.14,5407,0.513,0.506,0.00660455314898314,0.000119841504235844,0.487,0.25,"Mexico","MX"
7060823390,753243,"Veracruz",27662.4,2623.9,145,10691.25,835,0.007,0.001,0.00427526824391571,1.85070567850804e-05,0.993,0.25,"Mexico","MX"
7060074170,752274,"Coahuila",4402.7,4402.6,39,2875.58,2467,0.026,0.02,0.00114990069980958,5.46789330404712e-05,0.974,0.249,"Mexico","MX"
7060051120,753712,"Tabasco",14653.7,14653.3,18,1327.19,7073,0.056,0.053,0.000530723092308429,0.000156766961246556,0.944,0.249,"Mexico","MX"
7060802450,752244,"Zacatecas",1544,1544,83,6119.82,7928,0.012,0,0.00244722292570843,0.000175717300828883,0.988,0.248,"Mexico","MX"
7060052560,753716,"Campeche",12740.4,12740.4,473,34875.6,665119,0.558,0.516,0.0139462219261084,0.0147417905411209,0.442,0.247,"Mexico","MX"
7060074230,752370,"Chihuahua",5957.8,5957.8,254,18728.12,15279,0.02,0,0.00748909030321456,0.000338645892957178,0.98,0.247,"Mexico","MX"
7060008450,771980,"Sonora",12551.8,12551.5,1065,78525.39,81481,0.223,0.158,0.0314011089636943,0.00180595628012591,0.777,0.242,"Mexico","MX"
7060824100,753290,"Guanajuato",11727.3,11727.3,643,47410.16,186992,0.389,0.333,0.0189586017993184,0.00414451684114462,0.611,0.242,"Mexico","MX"
7060073910,753240,"Puebla",9602.5,9602.5,27,1990.78,303,0.037,0,0.000796082639038701,6.71573437829865e-06,0.963,0.241,"Mexico","MX"
7060805560,752245,"Durango",16163.5,45.7,28,2064.52,1942,0.036,0,0.000825570143334864,4.3042759612726e-05,0.964,0.241,"Mexico","MX"
7060049410,753104,"Nuevo León",2730.4,2730.4,17,1253.46,2483,0.059,0.018,0.000501239586860151,5.50335592782691e-05,0.941,0.24,"Mexico","MX"
7060006590,771535,"Sinaloa",658.2,658.2,420,30967.76,51232,0.776,0.717,0.0123835361546314,0.00113551321342903,0.224,0.239,"Mexico","MX"
7060826240,753245,"Querétaro",18151.6,1175.1,66,4866.36,88880,1,0.947,0.00194598333884828,0.0019699487509676,0,0.238,"Mexico","MX"
7060050000,753301,NA,3591.1,3591.1,9,663.59,4283,0.111,0.053,0.000265359546730272,9.49290110305383e-05,0.889,0.236,"Mexico","MX"
7060802450,752244,"Durango",1544,1544,18,1327.19,9,0.056,0,0.000530723092308429,1.99477258761346e-07,0.944,0.236,"Mexico","MX"
7060847040,753403,"Veracruz",29009.5,109.2,131,9658.99,64268,1,0.93,0.00386248317224828,0.00142444494067491,0,0.234,"Mexico","MX"
7060006520,771533,"Sinaloa",1799,1799,589,43428.6,511622,0.857,0.76,0.017366436521241,0.0113396615646664,0.143,0.233,"Mexico","MX"
7060050810,753506,"Tabasco",717.3,716.9,14,1032.26,262,0.071,0,0.000412785071667432,5.8070046439414e-06,0.929,0.232,"Mexico","MX"
7060824090,753280,"Nuevo León",18079.1,18079.1,14,1032.26,1443,0.071,0,0.000412785071667432,3.19828538214025e-05,0.929,0.232,"Mexico","MX"
7060011230,774131,"Baja California Sur",8533.8,8533.8,856,63115.24,545958,1,0.885,0.0252388243918268,0.0121006894709808,0,0.231,"Mexico","MX"
7060854130,753409,"Oaxaca",6176.5,6176.5,518,38193.57,324105,0.822,0.717,0.0152730276574556,0.007183508550094,0.178,0.229,"Mexico","MX"
7060003310,771159,NA,25296.3,25296.3,42,3096.78,54778,0.714,0.626,0.0012383552150023,0.001214107253381,0.286,0.229,"Mexico","MX"
7060055520,771900,"Sonora",1309.7,1309.7,229,16884.8,68076,0.991,0.893,0.00675197467507242,0.00150884598527082,0.00900000000000001,0.228,"Mexico","MX"
7060789310,752148,"Coahuila",4179.6,4179.1,2016,148645.24,241954,0.168,0.01,0.0594409703431525,0.0053627022962603,0.832,0.227,"Mexico","MX"
7060829810,771460,"Guanajuato",22988.8,22988.8,809,59649.8,123437,0.299,0.178,0.0238530476507353,0.00273587493219158,0.701,0.226,"Mexico","MX"
7060073750,752271,"Coahuila",15989.1,15989.1,17,1253.46,1427,0.118,0,0.000501239586860151,3.16282275836045e-05,0.882,0.221,"Mexico","MX"
7060826810,771450,"Aguascalientes",83490.4,13776.6,302,22267.29,58183,0.387,0.26,0.00890435054975441,0.00128957614961238,0.613,0.221,"Mexico","MX"
7060863310,753670,"Chiapas",25313.8,219.9,8,589.86,0,0.125,0,0.000235876041281994,0,0.875,0.219,"Mexico","MX"
7060073730,752360,"Sonora",20474.6,20474.6,6,442.4,567,0.167,0,0.000176909030385438,1.25670673019648e-05,0.833,0.208,"Mexico","MX"
7060830450,753248,"State of Mexico",5368.7,5368.7,647,47705.1,10170,0.805,0.606,0.0190765438188073,0.000225409302400321,0.195,0.205,"Mexico","MX"
7060049420,753105,"Tamaulipas",2896.3,2896.3,1836,135373.35,347791,0.261,0.016,0.0541337434189161,0.00770848836687414,0.739,0.204,"Mexico","MX"
7060055710,774000,"Baja California",279.4,279.4,77,5677.42,10744,1,0.81,0.00227031389532299,0.000238131518681322,0,0.203,"Mexico","MX"
7060010650,774116,"Baja California Sur",2644.1,2644.1,655,48294.96,112462,0.673,0.455,0.0193124198600893,0.00249262349720205,0.327,0.201,"Mexico","MX"
7060050800,753505,"Tabasco",231,231,5,368.66,1984,0.2,0,0.000147421526089275,4.39736534869456e-05,0.8,0.2,"Mexico","MX"
7060789410,752149,"Coahuila",3651.5,3651.5,1151,84866.41,134544,0.566,0.323,0.0339367864045954,0.00298205203364295,0.434,0.198,"Mexico","MX"
7060770490,752176,"Coahuila",4786.9,4786.9,1778,131096.85,212195,0.291,0.017,0.0524236361213498,0.00470311965809598,0.709,0.196,"Mexico","MX"
7060008460,771990,"Sonora",14242.3,14242.3,1858,136995.47,597545,0.821,0.512,0.0547824045318655,0.0132440709540609,0.179,0.19,"Mexico","MX"
7060074700,753206,"Nuevo León",2890.9,2890.9,4,294.93,481,0.25,NA,0.000117938020640997,1.06609512738008e-05,0.75,0.188,"Mexico","MX"
7060008720,774111,"Baja California",49787,49787,2862,211023.16,113002,0.789,0.44,0.0843849516828008,0.00250459213272773,0.211,0.184,"Mexico","MX"
7060049400,753103,"Tamaulipas",418.2,418.2,401,29566.84,355583,0.781,0.488,0.0118233295568747,0.00788119134468174,0.219,0.182,"Mexico","MX"
7060010830,774119,"Baja California Sur",11619.4,11619.4,3746,276202.92,833894,1,0.596,0.110449346217962,0.0184825432463926,0,0.181,"Mexico","MX"
7060050770,753503,NA,145.1,145.1,3,221.2,0,0.333,NA,8.84545151927188e-05,0,0.667,0.167,"Mexico","MX"
7060050820,753507,"Tabasco",2052,2052,3,221.2,54,0.333,NA,8.84545151927188e-05,1.19686355256808e-06,0.667,0.167,"Mexico","MX"
7060007000,771560,NA,16459.2,16459.2,3,221.2,12032,0.333,NA,8.84545151927188e-05,0.000266678930824057,0.667,0.167,"Mexico","MX"
7060770450,752177,"Chihuahua",190854.8,15669.5,1274,93935.54,114784,0.516,0.133,0.0375633935355617,0.00254408862996248,0.484,0.164,"Mexico","MX"
7060770450,752177,"Coahuila",190854.8,15669.5,610,44976.98,58458,0.392,0.026,0.0179856101298943,0.00129567128807453,0.608,0.163,"Mexico","MX"
7060823030,753270,"Querétaro",21836.9,2851,99,7299.54,116658,0.949,0.593,0.00291897500827242,0.00258562422806457,0.051,0.162,"Mexico","MX"
7060049510,753107,"Tamaulipas",4595.5,4595.5,1449,106838.77,634595,0.532,0.113,0.0427231989337088,0.0140652523359618,0.468,0.159,"Mexico","MX"
7060006640,771537,NA,1986,1986,13,958.53,4872,0.385,NA,0.000383301566219153,0.000107983689409475,0.615,0.154,"Mexico","MX"
7060073940,753205,"Zacatecas",8007.5,8007.5,116,8553,13686,0.509,0.114,0.00342021459513257,0.00030333841815642,0.491,0.152,"Mexico","MX"
7060011540,774133,"Baja California",9776,9776,935,68940.13,74086,0.984,0.529,0.0275681092968943,0.00164205246584368,0.016,0.144,"Mexico","MX"
7060006400,771510,NA,21.8,21.8,19,1400.92,8274,0.895,0.436,0.000560206597756707,0.000183386093221264,0.105,0.135,"Mexico","MX"
7060075180,753201,"San Luis Potosí",1532.4,1532.3,2,147.47,303,0.5,NA,5.89710097444405e-05,6.71573437829865e-06,0.5,0.125,"Mexico","MX"
7060004800,771193,"Guerrero",4711.6,4711.6,2,147.47,277,0.5,NA,5.89710097444405e-05,6.13946674187698e-06,0.5,0.125,"Mexico","MX"
7060049280,753101,NA,2000,2000,4,294.93,0,0.5,NA,0.000117938020640997,0,0.5,0.125,"Mexico","MX"
7060006740,771538,NA,6938.5,6938.4,1,73.73,1650,1,0.474,2.94835054482783e-05,3.65708307729134e-05,0,0.119,"Mexico","MX"
7060008460,771990,NA,14242.3,14242.3,33,2433.18,5963,0.909,0.379,0.000972991669424139,0.000132164765999323,0.091,0.118,"Mexico","MX"
7060011230,774131,"Baja California",8533.8,8533.8,592,43649.79,35927,0.998,0.435,0.0174548870375858,0.000796291052835431,0.002,0.114,"Mexico","MX"
7060074030,772200,"Sonora",6075.1,6075.1,11,811.06,1154,0.545,0,0.000324330556474713,2.5577417401177e-05,0.455,0.114,"Mexico","MX"
7060055700,771530,NA,282.5,281.8,79,5824.89,170800,1,0.44,0.00232928490506743,0.0037856350884931,0,0.112,"Mexico","MX"
7060763300,752175,"Coahuila",200694.4,5908.8,1152,84940.14,186310,0.718,0.087,0.0339662699100437,0.00412940089775848,0.282,0.102,"Mexico","MX"
7060702450,772260,"Sonora",11517.2,11517.2,308,22709.69,40979,0.997,0.378,0.00908125958013985,0.000908264287420133,0.003,0.098,"Mexico","MX"
7060783950,752146,"Coahuila",16786.6,16786.6,2464,181677.52,539605,0.747,0.038,0.0726500766411188,0.0119598806904351,0.253,0.094,"Mexico","MX"
7060011530,774132,"Baja California",2027.7,2027.7,144,10617.52,7771,1,0.345,0.00424578473846743,0.000172237530870491,0,0.087,"Mexico","MX"
7060006920,771550,NA,1883.4,1883.4,12,884.79,17411,0.917,0.229,0.000353814061922991,0.000385899839143755,0.083,0.078,"Mexico","MX"
7060050290,753304,"Hidalgo",7899.1,7899.1,25,1843.32,4998,1,0.245,0.000737115628142145,0.000110776371032134,0,0.061,"Mexico","MX"
7060011220,774120,"Baja California Sur",4511.2,4510.7,1268,93493.14,109468,1,0.158,0.0373864845051762,0.00242626406245411,0,0.049,"Mexico","MX"
7060006590,771535,NA,658.2,658.2,8,589.86,1597,1,0.139,0.000235876041281994,3.53961313602077e-05,0,0.035,"Mexico","MX"
7060011220,774120,"Baja California",4511.2,4510.7,118,8700.47,7539,1,0,0.00347918560487701,0.000167095450422421,0,0.001,"Mexico","MX"
7060074250,752276,"Durango",3709.4,3709.3,5,368.66,838,1,0,0.000147421526089275,1.85735492046675e-05,0,0,"Mexico","MX"
7060783990,752147,"Nuevo León",23586.4,15755.7,1,73.73,123,1,NA,2.94835054482783e-05,2.72618920307173e-06,0,0,"Mexico","MX"
7060008340,771960,NA,25987.4,25987.4,1,73.73,0,1,NA,2.94835054482783e-05,0,0,0,"Mexico","MX"
7060864030,753680,"Chiapas",12070,12070,1,73.73,0,1,NA,2.94835054482783e-05,0,0,0,"Mexico","MX"
7060010550,774115,NA,3145.1,3145.1,2,147.47,303,1,NA,5.89710097444405e-05,6.71573437829865e-06,0,0,"Mexico","MX"
7060006510,771532,"Sinaloa",5525,5525,1,73.73,603,1,NA,2.94835054482783e-05,1.33649763370102e-05,0,0,"Mexico","MX"
7060064970,753700,"Campeche",6.7,6.7,1,73.73,0,1,NA,2.94835054482783e-05,0,0,0,"Mexico","MX"
7060760610,752172,"Coahuila",4383.9,4383.8,1,73.73,117,1,NA,2.94835054482783e-05,2.5932043638975e-06,0,0,"Mexico","MX"
7060004670,771191,NA,2492.3,2492.3,1,73.73,1730,1,NA,2.94835054482783e-05,3.83439619619032e-05,0,0,"Mexico","MX"
7060008130,771930,NA,52.4,52.4,2,147.47,0,1,0,5.89710097444405e-05,0,0,0,"Mexico","MX"
7060005740,771303,NA,587.7,587.7,1,73.73,4492,1,NA,2.94835054482783e-05,9.9561316261774e-05,0,0,"Mexico","MX"
7060055710,774000,"Baja California Sur",279.4,279.4,1,73.73,0,1,NA,2.94835054482783e-05,0,0,0,"Mexico","MX"
7060064970,753700,NA,6.7,6.7,1,73.73,0,1,NA,2.94835054482783e-05,0,0,0,"Mexico","MX"
7060055630,771000,NA,210.5,210.5,5,368.66,0,1,NA,0.000147421526089275,0,0,0,"Mexico","MX"
7060074250,752276,"Chihuahua",3709.4,3709.3,1,73.73,68,1,0,2.94835054482783e-05,1.50716151064128e-06,0,0,"Mexico","MX"
